City_ID,City,Lat,Lng,Max Temp,Humidity,Cloudiness,Wind Speed,Country,Date
0,adamstown,-25.066,-130.1015,292.28,79,96,6.68,PN,1691119029
1,port-aux-francais,-49.35,70.2167,275.64,92,60,15.97,TF,1691119029
2,acapulco de juarez,16.8634,-99.8901,302.05,79,75,3.09,MX,1691119029
3,wailua homesteads,22.0669,-159.378,301.59,75,40,7.2,US,1691119030
4,krasnogvardeyskoye,45.8456,41.5186,293.27,80,3,1.67,RU,1691119030
5,kudat,6.8837,116.8477,305.11,70,20,2.68,MY,1691119030
6,gardabani,41.4605,45.0928,294.2,86,100,2.44,GE,1691119030
7,constantia,44.1833,28.65,296.53,82,0,3.08,RO,1691118845
8,melo,-32.3667,-54.1833,283.34,77,88,3.88,UY,1691119031
9,puerto natales,-51.7236,-72.4875,275.84,78,91,8.76,CL,1691119031
10,paita,-5.0892,-81.1144,295.04,83,0,6.52,PE,1691119031
11,papatowai,-46.5619,169.4708,281.55,94,100,7.22,NZ,1691119032
12,iskateley,67.6803,53.1512,295.95,60,2,1.97,RU,1691119032
13,college,64.8569,-147.8028,300.14,37,75,2.57,US,1691118838
14,ushuaia,-54.8,-68.3,272.96,100,100,8.75,AR,1691118825
15,kamina,-8.7386,24.9906,287.92,58,2,2.1,CD,1691119033
16,bilibino,68.0546,166.4372,283.78,94,100,0.25,RU,1691119033
17,howrah,22.5892,88.3103,304.15,79,40,4.12,IN,1691119033
18,klyuchi,52.2667,79.1667,298.53,47,7,0.51,RU,1691119034
19,kismayo,-0.3582,42.5454,297.02,83,77,6.79,SO,1691119034
20,blackmans bay,-43.0167,147.3167,288.22,84,100,5.27,AU,1691119034
21,mangalia,43.8,28.5833,296.88,84,0,2.52,RO,1691119034
22,tolanaro,-25.0319,46.9987,292.06,68,95,6.04,MG,1691119035
23,santa flavia,38.085,13.5351,300.05,55,0,0.91,IT,1691119035
24,qamdo,31.1667,97.2333,283.94,68,100,1.49,CN,1691119035
25,sitka,57.0531,-135.33,292.09,68,40,2.06,US,1691119035
26,coquimbo,-29.9533,-71.3436,288.0,82,100,1.54,CL,1691118787
27,geraldton,-28.7667,114.6,288.38,63,0,4.63,AU,1691119036
28,avarua,-21.2078,-159.775,296.18,78,100,3.09,CK,1691119036
29,bethel,41.3712,-73.414,295.24,74,40,3.6,US,1691118851
30,kisanga,-7.4362,37.7034,292.94,80,83,0.59,TZ,1691119037
31,olonkinbyen,70.9221,-8.7187,277.31,94,100,9.64,SJ,1691119037
32,grytviken,-54.2811,-36.5092,267.8,77,34,5.02,GS,1691119037
33,ancud,-41.8697,-73.8203,278.98,77,67,1.62,CL,1691119037
34,uribia,11.7139,-72.266,302.04,67,6,5.58,CO,1691119038
35,hawaiian paradise park,19.5933,-154.9731,300.88,76,40,4.63,US,1691119038
36,fisterra,42.9049,-9.2629,287.45,74,4,7.23,ES,1691119038
37,edinburgh of the seven seas,-37.0676,-12.3116,284.84,76,100,19.09,SH,1691119039
38,mombetsu,44.3525,143.3525,304.16,66,75,6.69,JP,1691119039
39,las khorey,11.1595,48.1967,304.55,47,100,7.52,SO,1691119039
40,new norfolk,-42.7826,147.0587,288.87,90,100,2.03,AU,1691119039
41,margate,51.3813,1.3862,288.64,83,67,0.89,GB,1691119040
42,invercargill,-46.4,168.35,282.05,94,100,4.02,NZ,1691119040
43,chonchi,-42.6128,-73.8092,277.66,92,61,1.21,CL,1691119040
44,ocean shores,46.9737,-124.1563,292.84,86,0,5.14,US,1691119040
45,nemuro,43.3236,145.575,294.08,87,90,8.65,JP,1691119041
46,acarau,-2.8856,-40.12,298.38,85,55,5.9,BR,1691119041
47,ambajogai,18.7333,76.3833,297.64,76,100,8.41,IN,1691119041
48,hamilton,39.1834,-84.5333,297.62,77,0,1.54,US,1691119041
49,montepuez,-13.1256,38.9997,288.76,79,0,2.9,MZ,1691119042
50,rio preto da eva,-2.6994,-59.6997,296.71,84,82,0.94,BR,1691119042
51,west island,-12.1568,96.8225,299.14,78,100,8.23,CC,1691119042
52,ribeira grande,38.5167,-28.7,295.8,86,3,3.13,PT,1691119042
53,mossel bay,-34.1831,22.146,296.11,51,76,5.93,ZA,1691119043
54,shimoda,34.6667,138.95,308.21,69,5,6.35,JP,1691119043
55,khovd,48.0056,91.6419,297.55,28,0,0.75,MN,1691119043
56,jamestown,42.097,-79.2353,294.1,91,0,1.54,US,1691118834
57,panjakent,39.4952,67.6093,300.11,20,0,1.17,TJ,1691119044
58,ryotsu-minato,38.0833,138.4333,304.38,62,1,2.3,JP,1691119044
59,waitangi,-43.9535,-176.5597,285.83,86,27,4.02,NZ,1691119044
60,queenstown,-31.8976,26.8753,280.08,55,6,2.58,ZA,1691119044
61,afaahiti,-17.75,-149.2833,299.08,76,31,4.42,PF,1691119044
62,darwin,-12.4611,130.8418,303.65,46,75,5.81,AU,1691118997
63,tiksi,71.6872,128.8694,277.04,94,100,2.74,RU,1691119045
64,rongelap,11.1635,166.8941,299.49,85,100,4.7,MH,1691119045
65,nagqu,31.5,92.0,282.27,83,100,2.37,CN,1691119045
66,vadso,70.0744,29.7487,290.64,88,0,4.63,NO,1691119046
67,chigorodo,7.6664,-76.6811,298.33,94,86,0.52,CO,1691119046
68,palikir - national government center,6.9248,158.1611,304.56,74,75,2.06,FM,1691119046
69,yellowknife,62.456,-114.3525,293.44,64,75,2.57,CA,1691119047
70,puerto quijarro,-17.7833,-57.7667,297.89,31,0,0.97,BO,1691119047
71,salinopolis,-0.6136,-47.3561,299.09,85,32,4.64,BR,1691119047
72,baki,-7.6128,110.7839,303.06,51,3,5.79,ID,1691119047
73,east london,-33.0153,27.9116,291.67,36,0,3.6,ZA,1691119048
74,eirunepe,-6.6603,-69.8736,298.48,64,61,1.17,BR,1691119048
75,byron bay,-28.65,153.6167,291.32,66,84,3.5,AU,1691118901
76,lau,9.2167,11.2833,295.03,96,90,1.86,NG,1691119048
77,taltal,-25.4,-70.4833,288.83,83,17,0.5,CL,1691119049
78,sao sebastiao do paraiso,-20.9169,-46.9914,288.8,43,0,0.86,BR,1691119044
79,linxia chengguanzhen,35.6003,103.2064,294.51,61,92,2.36,CN,1691119049
80,paciran,-6.8767,112.3761,304.36,64,14,1.01,ID,1691119050
81,laramie,41.3114,-105.5911,290.36,75,40,3.6,US,1691118902
82,ambalangoda,6.2355,80.0538,300.41,82,81,5.29,LK,1691119050
83,longyearbyen,78.2186,15.6401,285.06,82,75,4.63,SJ,1691119050
84,mejit,10.2753,170.8646,301.64,75,73,6.04,MH,1691119051
85,pemangkat,1.1667,108.9667,303.3,64,36,3.19,ID,1691119051
86,male,4.1748,73.5089,303.12,79,75,3.09,MV,1691118974
87,ankazoabo,-22.2833,44.5167,288.72,69,1,3.2,MG,1691119051
88,betio village,1.358,172.9211,304.17,70,57,2.46,KI,1691119052
89,swakopmund,-22.6833,14.5333,285.92,87,8,0.89,NA,1691118982
90,ghazni,33.5536,68.4269,297.05,20,0,1.76,AF,1691119052
91,sinabang,2.4803,96.3801,302.0,70,23,1.33,ID,1691119052
92,yaren,-0.5472,166.916,302.17,72,7,3.48,NR,1691119053
93,villamontes,-21.25,-63.5,293.72,48,0,1.5,BO,1691119053
94,talnakh,69.4865,88.3972,293.82,37,62,1.54,RU,1691119054
95,manay,7.215,126.5397,303.71,71,13,4.13,PH,1691119054
96,gao,16.6362,1.637,304.82,42,38,4.13,ML,1691119054
97,kailua-kona,19.6406,-155.9956,302.13,80,40,6.69,US,1691119054
98,puerto ayora,-0.7393,-90.3518,297.9,94,31,2.24,EC,1691119055
99,aoulef,26.9667,1.0833,310.6,9,0,4.54,DZ,1691119055
100,mahibadhoo,3.7833,72.9667,301.2,73,89,2.67,MV,1691119055
101,kone,-21.0595,164.8658,291.63,81,100,4.21,NC,1691119055
102,ebon,4.582,168.6964,302.16,71,73,3.34,MH,1691119056
103,albany,42.6001,-73.9662,293.09,86,62,0.89,US,1691118903
104,seryshevo,51.0933,128.3786,297.22,42,100,3.18,RU,1691119056
105,noyabrsk,63.1994,75.4507,297.72,56,2,6.86,RU,1691119057
106,anadyr,64.75,177.4833,285.43,87,100,4.0,RU,1691119057
107,rio grande,-32.035,-52.0986,286.45,75,79,2.62,BR,1691119057
108,uturoa,-16.7333,-151.4333,299.09,70,19,5.7,PF,1691119057
109,ilulissat,69.2167,-51.1,277.16,93,35,1.03,GL,1691119058
110,aykhal,66.0,111.5,281.55,73,99,4.09,RU,1691119058
111,negombo,7.2083,79.8358,300.35,82,73,5.97,LK,1691119058
112,mata-utu,-13.2816,-176.1745,300.75,75,3,4.76,WF,1691119058
113,mogocha,53.7333,119.7667,295.57,34,100,2.61,RU,1691119059
114,berezovyy,51.6667,135.7,295.48,40,74,3.83,RU,1691119059
115,melekeok village,7.4957,134.6367,303.46,66,75,3.6,PW,1691119059
116,puerto penasco,31.3167,-113.5333,305.32,74,0,1.34,MX,1691119059
117,ugoofaaru,5.6667,73.0,301.47,72,100,5.36,MV,1691119059
118,tara,56.8944,74.371,294.32,78,100,2.68,RU,1691119060
119,sao jose da coroa grande,-8.8978,-35.1478,297.16,66,76,3.42,BR,1691119025
120,pisco,-13.7,-76.2167,290.38,82,0,1.54,PE,1691119060
121,badger,64.8,-147.5333,300.1,38,75,2.57,US,1691119060
122,bowie,33.4501,-94.4335,304.24,77,4,2.74,US,1691119061
123,margaret river,-33.95,115.0667,285.2,68,100,3.55,AU,1691118953
124,benguela,-12.5763,13.4055,292.46,91,2,1.33,AO,1691119061
125,usman',52.0466,39.7288,292.17,73,96,1.54,RU,1691119061
126,nong khai,17.9167,103.0833,299.36,95,100,4.4,TH,1691119061
127,zeya,53.75,127.2667,296.92,31,100,2.98,RU,1691119062
128,sretensk,52.2453,117.7093,297.74,30,100,3.99,RU,1691119062
129,port alfred,-33.5906,26.891,289.36,52,3,2.24,ZA,1691119062
130,dudinka,69.4058,86.1778,294.05,46,29,2.48,RU,1691119062
131,tsiombe,-25.3,45.4833,291.46,63,1,7.55,MG,1691119063
132,sirte,31.2089,16.5887,298.93,71,0,3.24,LY,1691119063
133,ventspils,57.3894,21.5606,290.11,100,100,3.09,LV,1691119063
134,st. john's,47.5649,-52.7093,289.7,80,75,3.6,CA,1691118824
135,al wajh,26.2455,36.4525,300.12,78,0,1.54,SA,1691119063
136,howard springs,-12.497,131.047,303.61,32,16,3.75,AU,1691119064
137,pajok,3.8651,32.4821,291.8,91,86,1.02,SS,1691119064
138,ola,59.5833,151.2833,293.23,65,98,2.57,RU,1691119064
139,bykhaw,53.5193,30.2469,289.06,96,40,2.25,BY,1691119064
140,tura,25.5198,90.2201,298.9,88,100,2.87,IN,1691118781
141,paso de carrasco,-34.8603,-56.0522,283.85,71,0,3.09,UY,1691119065
142,viedma,-40.8135,-62.9967,279.63,39,0,5.53,AR,1691119065
143,whitehorse,60.7161,-135.0538,298.58,35,40,4.12,CA,1691119065
144,bredasdorp,-34.5322,20.0403,287.38,56,100,2.42,ZA,1691119065
145,vallenar,-28.5708,-70.7581,287.58,74,2,0.31,CL,1691119066
146,alta,69.9689,23.2717,289.74,84,40,1.54,NO,1691119066
147,santa ana de yacuma,-13.75,-65.4333,298.94,38,0,2.18,BO,1691119066
148,bridgewater,44.3835,-64.5155,287.97,89,38,0.51,CA,1691119066
149,galliano,29.4422,-90.2992,302.59,78,40,2.06,US,1691119066
150,stanley,54.868,-1.6985,286.0,92,100,1.83,GB,1691118980
151,colonia,50.9333,6.95,288.51,85,75,3.09,DE,1691118799
152,kharan,28.5833,65.4167,306.8,31,6,1.9,PK,1691119067
153,arbus,39.5272,8.5994,295.06,80,14,3.42,IT,1691119067
154,hami,42.8,93.45,306.31,18,100,6.52,CN,1691119068
155,punta arenas,-53.15,-70.9167,274.71,78,48,13.81,CL,1691119068
156,west bay,19.3667,-81.4167,302.19,88,40,0.0,KY,1691119068
157,kikwit,-5.041,18.8162,295.53,39,12,0.93,CD,1691119068
158,kodiak,57.79,-152.4072,286.88,82,100,1.54,US,1691119068
159,razole,16.4833,81.8333,302.66,68,62,4.71,IN,1691119069
160,callao,-12.0667,-77.15,293.31,77,40,4.63,PE,1691119069
161,carutapera,-1.195,-46.02,298.53,86,70,3.25,BR,1691119069
162,kuqa,41.7278,82.9364,303.3,19,0,0.43,CN,1691119070
163,susuman,62.7833,148.1667,290.22,29,85,8.81,RU,1691119070
164,georgetown,5.4112,100.3354,305.34,74,20,4.63,MY,1691118841
165,daru,-9.0763,143.2092,300.0,67,44,7.49,PG,1691119070
166,saipan,15.1355,145.701,304.54,100,75,3.6,MP,1691119044
167,bereznik,62.8551,42.7072,291.86,84,13,2.24,RU,1691119071
168,thompson,55.7435,-97.8558,292.24,77,75,1.03,CA,1691119030
169,felipe carrillo puerto,19.5833,-88.05,297.95,94,95,0.67,MX,1691118925
170,mogadishu,2.0371,45.3438,297.24,86,83,8.02,SO,1691119071
171,floro,61.5996,5.0328,286.19,88,75,7.72,NO,1691119072
172,luderitz,-26.6481,15.1594,287.12,59,58,2.93,NA,1691119072
173,ust-nera,64.5667,143.2,293.63,33,27,3.17,RU,1691119072
174,altai,46.3722,96.2583,291.61,46,100,5.45,MN,1691119072
175,dhamar,14.5427,44.4051,290.45,72,80,2.63,YE,1691119073
176,freetown,8.484,-13.2299,297.85,88,100,2.07,SL,1691119073
177,walvis bay,-22.9575,14.5053,285.98,93,1,1.92,NA,1691119073
178,pauini,-7.7136,-66.9764,299.51,56,42,0.39,BR,1691119073
179,huinan,42.6225,126.2614,300.83,79,100,6.02,CN,1691119073
180,saint-philippe,-21.3585,55.7679,293.92,86,68,8.1,RE,1691119074
181,sassandra,4.95,-6.0833,296.57,91,99,1.78,CI,1691119074
182,argo,37.6333,22.7333,296.92,59,0,1.25,GR,1691119074
183,atafu village,-8.5421,-172.5159,301.42,75,100,6.34,TK,1691119074
184,bikenibeu village,1.3673,173.1241,304.13,70,75,1.54,KI,1691119075
185,minas de marcona,-15.2119,-75.1103,285.83,81,21,2.28,PE,1691119075
186,hasaki,35.7333,140.8333,311.65,73,32,7.94,JP,1691119075
187,san antonio de pale,-1.4014,5.6325,295.1,79,51,4.93,GQ,1691119075
188,dwarka,22.2394,68.9678,300.79,83,100,7.86,IN,1691119076
189,jidong,45.2167,131.0833,291.9,97,100,2.05,CN,1691119076
190,happy valley-goose bay,53.3168,-60.3315,290.32,67,75,1.03,CA,1691118910
191,utena,55.5,25.6,288.4,90,13,4.9,LT,1691119076
192,qui nhon,13.7667,109.2333,304.32,62,100,6.12,VN,1691119077
193,arraias,-12.9288,-46.9437,294.89,41,23,1.83,BR,1691119077
194,cozumel,20.5083,-86.9458,303.12,91,98,1.79,MX,1691118854
195,labrador city,52.9463,-66.9114,286.1,82,100,2.06,CA,1691119077
196,dunedin,-45.8742,170.5036,286.37,51,100,0.45,NZ,1691118915
197,kudahuvadhoo,2.6708,72.8944,301.09,69,85,1.05,MV,1691119078
198,arar,30.9753,41.0381,301.16,18,0,4.63,SA,1691119078
199,greymouth,-42.4667,171.2,282.68,80,100,0.23,NZ,1691119078
200,tomohon,1.3346,124.8392,302.67,57,11,0.98,ID,1691119078
201,hobyo,5.3505,48.5268,297.88,77,69,9.92,SO,1691119079
202,buka,40.8108,69.1986,301.2,19,2,2.18,UZ,1691119079
203,kavieng,-2.5744,150.7967,301.36,77,90,5.37,PG,1691119079
204,atambua,-9.1061,124.8925,301.92,48,1,1.55,ID,1691119079
205,hithadhoo,-0.6,73.0833,301.09,74,94,4.18,MV,1691119079
206,san juan de los morros,9.9115,-67.3538,295.14,94,100,0.71,VE,1691119080
207,hotan,37.0997,79.9269,302.25,27,4,2.66,CN,1691119080
208,mason city,43.1536,-93.201,298.2,81,40,0.0,US,1691119037
209,hadibu,12.65,54.0333,299.19,78,100,12.07,YE,1691119080
210,aras-asan,8.8908,126.3033,303.54,66,4,2.22,PH,1691119081
211,nar'yan-mar,67.6713,53.087,295.99,60,3,1.97,RU,1691119081
212,fale old settlement,-9.3852,-171.2468,301.5,72,45,5.97,TK,1691119081
213,kingston,17.997,-76.7936,302.68,85,20,3.6,JM,1691118878
214,northam,51.0333,-4.2167,288.52,85,18,7.68,GB,1691119082
215,talodi,10.6325,30.3797,295.74,90,100,0.85,SD,1691119082
216,isafjordur,66.0755,-23.124,283.42,76,89,0.67,IS,1691119082
217,greenville,35.6127,-77.3663,298.24,79,100,1.54,US,1691119082
218,mohr,54.3528,9.7167,289.32,90,11,3.09,DE,1691119083
219,al ghayzah,16.2079,52.176,299.21,84,95,2.9,YE,1691119083
220,san luis de la loma,17.2706,-100.8939,298.66,91,100,2.76,MX,1691119083
221,weno,7.4515,151.8468,302.14,73,91,4.13,FM,1691119084
222,sao gabriel da cachoeira,-0.1303,-67.0892,295.4,99,95,0.6,BR,1691119084
223,sao miguel do araguaia,-13.275,-50.1628,297.6,36,96,1.36,BR,1691119084
224,trenton,40.217,-74.7429,296.25,73,100,3.6,US,1691118967
225,prince rupert,54.3161,-130.3201,291.2,82,0,4.12,CA,1691118842
226,kuching,1.55,110.3333,306.55,70,20,3.6,MY,1691119085
227,udachny,66.4167,112.4,282.29,93,99,2.55,RU,1691119085
228,loreto,22.2667,-101.9667,292.76,61,78,9.21,MX,1691119085
229,enewetak,11.3474,162.3373,302.11,75,23,6.18,MH,1691119085
230,kalawit,8.0667,122.5167,303.99,68,14,3.5,PH,1691119086
231,ishigaki,24.3448,124.1572,301.22,94,75,8.23,JP,1691119086
232,utrik,11.2278,169.8474,301.88,75,68,6.1,MH,1691119086
233,turpan,42.9333,89.1667,311.71,16,58,4.23,CN,1691119086
234,palu,-0.8917,119.8707,305.78,56,8,1.02,ID,1691119087
235,mount isa,-20.7333,139.5,299.02,34,5,7.72,AU,1691119087
236,nantucket,41.2835,-70.0995,294.27,72,0,4.12,US,1691118992
237,khandyga,62.6667,135.6,297.69,39,0,1.63,RU,1691119087
238,manzanares,38.9991,-3.3699,294.57,69,1,4.02,ES,1691119087
239,san patricio,28.017,-97.5169,303.25,71,63,6.46,US,1691119088
240,belyy yar,53.6039,91.3903,292.09,100,40,3.0,RU,1691119088
241,vikhorevka,56.1201,101.1636,293.92,56,94,1.29,RU,1691119088
242,makokou,0.5738,12.8642,294.48,87,100,1.12,GA,1691119088
243,copala,16.65,-98.9833,298.81,87,100,1.94,MX,1691119089
244,malango,-2.9627,119.9001,301.24,56,11,2.08,ID,1691119089
245,smithers,54.7804,-127.1743,294.33,52,20,2.06,CA,1691119089
246,manadhoo,5.7667,73.3833,300.95,76,100,5.17,MV,1691119089
247,orange beach,30.2944,-87.5736,304.34,71,0,2.57,US,1691119083
248,forio,40.7342,13.8646,297.88,89,0,0.45,IT,1691119090
249,lazaro cardenas,17.9583,-102.2,300.4,80,100,2.36,MX,1691119090
250,port mathurin,-19.6833,63.4167,296.38,69,21,9.97,MU,1691119091
251,eforie sud,44.0229,28.6494,296.6,84,0,3.05,RO,1691119091
252,vorgashor,67.5833,63.95,296.12,61,39,2.04,RU,1691119091
253,santa elena de uairen,4.6167,-61.1333,292.66,93,94,0.83,VE,1691119091
254,sungailiat,-1.85,106.1333,302.84,67,99,6.37,ID,1691119091
255,lata,40.1629,-8.3327,287.64,89,3,1.94,PT,1691119092
256,carnarvon,-24.8667,113.6333,290.4,52,0,9.34,AU,1691118806
257,alice springs,-23.7,133.8833,299.9,24,0,2.06,AU,1691119092
258,cole harbour,44.6724,-63.4751,287.81,91,62,0.0,CA,1691119093
259,port lincoln,-34.7333,135.8667,285.65,65,100,7.75,AU,1691119093
260,westport,41.1415,-73.3579,296.53,75,100,4.63,US,1691118907
261,salalah,17.0151,54.0924,298.2,100,100,4.12,OM,1691118878
262,arias,-33.6441,-62.4027,281.17,44,90,2.43,AR,1691119094
263,ulubey,40.8721,37.7588,291.22,89,0,1.95,TR,1691119094
264,qingquan,30.4511,115.2559,306.83,62,9,1.55,CN,1691119095
265,vorkuta,67.5,64.0,296.18,61,33,2.23,RU,1691119095
266,hilo,19.7297,-155.09,302.19,76,40,4.63,US,1691119095
267,iqaluit,63.7506,-68.5145,281.0,87,75,1.54,CA,1691119095
268,harper,4.375,-7.7169,297.17,87,100,3.75,LR,1691119095
269,aasiaat,68.7098,-52.8699,273.01,96,76,1.43,GL,1691119096
270,arraial do cabo,-22.9661,-42.0278,293.87,87,0,4.94,BR,1691119096
271,nha trang,12.25,109.1833,307.15,58,100,1.76,VN,1691119096
272,moratuwa,6.773,79.8816,300.45,81,83,4.61,LK,1691119096
273,la ronge,55.1001,-105.2842,292.29,88,100,4.63,CA,1691119097
274,bubaque,11.2833,-15.8333,299.24,85,100,3.1,GW,1691119097
275,lebu,-37.6167,-73.65,280.2,73,4,7.27,CL,1691119097
276,thunder bay,48.4001,-89.3168,294.14,64,20,1.54,CA,1691119020
277,qaqortoq,60.7167,-46.0333,278.9,87,12,1.66,GL,1691119098
278,nova sintra,14.8667,-24.7167,296.17,78,59,2.53,CV,1691119098
279,cockburn town,21.4612,-71.1419,301.99,76,42,6.58,TC,1691118997
280,okha,53.5739,142.9478,288.45,78,99,5.78,RU,1691119098
281,filadelfia,39.9523,-75.1638,295.96,78,100,4.12,US,1691118837
282,vila franca do campo,37.7167,-25.4333,295.38,89,38,3.5,PT,1691119099
283,del rio,29.3627,-100.8968,309.21,35,0,7.15,US,1691118804
284,tannum sands,-23.9504,151.3693,297.09,43,75,6.69,AU,1691118855
285,sao vicente,-23.9631,-46.3919,295.25,26,0,0.45,BR,1691119011
286,lionel town,17.8101,-77.2406,303.09,85,86,0.94,JM,1691119100
287,collie,-33.3667,116.15,285.91,52,9,1.06,AU,1691119100
288,hermanus,-34.4187,19.2345,288.21,67,100,3.06,ZA,1691119100
289,caconda,-13.7333,15.0667,285.41,45,4,0.85,AO,1691119100
290,chipinge,-20.1883,32.6236,281.98,91,27,1.29,ZW,1691119101
291,luanda,-8.8368,13.2343,292.51,92,11,2.81,AO,1691119037
292,kenai,60.5544,-151.2583,289.2,82,75,5.66,US,1691119101
293,belvidere,42.2639,-88.8443,297.71,89,98,2.87,US,1691118883
294,svetlyy,54.675,20.1347,290.18,84,13,8.33,RU,1691119102
295,sisimiut,66.9395,-53.6735,279.18,87,68,2.04,GL,1691119102
296,booue,-0.0921,11.9385,295.52,74,67,1.03,GA,1691119102
297,zhaotong,27.3167,103.7167,295.33,74,80,1.37,CN,1691119102
298,dombarovskiy,50.7587,59.5386,297.11,51,15,0.7,RU,1691119103
299,san rafael del yuma,18.4299,-68.6739,300.91,85,25,3.88,DO,1691119103
300,mawu,29.5923,107.3139,300.72,75,99,0.68,CN,1691119103
301,mazamari,-11.3258,-74.5308,296.13,61,79,0.94,PE,1691119103
302,horta,38.5333,-28.6333,295.38,86,5,3.13,PT,1691119104
303,vila velha,-20.3297,-40.2925,292.01,95,0,1.03,BR,1691119102
304,suva,-18.1416,178.4415,296.86,73,75,5.66,FJ,1691119104
305,ghat,24.9647,10.1728,304.18,16,1,1.95,LY,1691119104
306,petropavlovsk-kamchatsky,53.0452,158.6483,290.48,68,75,3.0,RU,1691119105
307,isla mujeres,21.2311,-86.731,302.13,83,76,3.2,MX,1691119105
308,praia da vitoria,38.7333,-27.0667,295.29,83,20,4.9,PT,1691119105
309,afif,23.9065,42.9172,300.47,19,3,4.0,SA,1691119105
310,port elizabeth,-33.918,25.5701,292.09,76,0,0.51,ZA,1691119105
311,tual,-5.6667,132.75,299.46,81,39,8.62,ID,1691119106
312,alexandria,31.2156,29.9553,299.63,66,0,1.18,EG,1691119106
313,wainwright,52.839,-110.8572,292.04,66,0,5.56,CA,1691119106
314,kavaratti,10.5669,72.642,301.23,76,7,7.87,IN,1691119106
315,mitsamiouli,-11.3847,43.2844,298.26,76,94,4.49,KM,1691119107
316,launceston,-41.45,147.1667,286.01,89,100,8.75,AU,1691119107
317,lihue,21.9789,-159.3672,301.92,67,40,7.2,US,1691118898
318,lorengau,-2.0226,147.2712,301.6,79,24,5.78,PG,1691119107
319,mikhnevo,55.1272,37.9522,293.1,85,53,2.74,RU,1691119108
320,la'ie,21.6477,-157.9253,302.13,70,8,0.89,US,1691119108
321,north bay,46.3168,-79.4663,291.45,94,75,1.54,CA,1691119108
322,mili,6.0815,171.735,301.27,77,97,6.16,MH,1691119108
323,guerrero negro,27.9769,-114.0611,294.69,71,0,6.96,MX,1691119067
324,istgah-e rah ahan-e garmsar,35.2346,52.3094,305.82,13,4,7.11,IR,1691119109
325,kalmunai,7.4167,81.8167,303.18,61,82,1.29,LK,1691119109
326,yanbu,24.0891,38.0637,302.17,74,0,3.09,SA,1691119109
327,chibougamau,49.9168,-74.3659,287.94,100,100,2.57,CA,1691119109
328,wenling,28.3669,121.36,304.19,70,100,8.88,CN,1691119110
329,aitape,-3.1374,142.3475,301.43,82,47,2.51,PG,1691119110
330,shitanjing,39.2342,106.3439,294.81,61,100,1.06,CN,1691119110
331,tongren,27.7172,109.1853,305.38,66,20,1.1,CN,1691119111
332,shizunai-furukawacho,42.3339,142.3669,298.19,86,50,3.01,JP,1691119111
333,keflavik,64.0049,-22.5624,282.39,93,75,2.57,IS,1691119111
334,leava,-14.3,-178.1667,299.28,84,100,9.67,WF,1691119111
335,lompoc,34.6391,-120.4579,291.23,89,40,6.69,US,1691119112
336,pechora,65.1472,57.2244,296.08,62,55,1.51,RU,1691119112
337,holualoa,19.6228,-155.9522,300.06,81,40,6.69,US,1691118972
338,saudarkrokur,65.7461,-19.6394,281.83,77,23,1.98,IS,1691119112
339,richards bay,-28.783,32.0377,289.42,75,0,6.14,ZA,1691119112
340,savannakhet,16.566,104.751,300.16,83,100,2.06,LA,1691119113
341,polyarnyy,69.1989,33.4478,290.56,78,100,4.24,RU,1691119113
342,lafiagi,8.8667,5.4167,296.63,96,92,2.09,NG,1691119113
343,bargteheide,53.7333,10.2667,288.63,82,19,3.19,DE,1691119114
344,potam,27.6,-110.3833,306.52,53,3,3.12,MX,1691119114
345,troitskiy,57.0603,63.7481,293.27,86,55,2.6,RU,1691119114
346,ivins,37.1686,-113.6794,306.77,21,0,0.45,US,1691119114
347,las terrenas,19.311,-69.5428,299.07,90,31,3.34,DO,1691119115
348,at taj,24.2049,23.2857,302.33,22,10,5.23,LY,1691119115
349,bayanhongor,46.7167,100.1167,292.11,49,97,1.98,MN,1691119115
350,san jeronimo de juarez,17.1333,-100.4667,298.62,90,100,2.21,MX,1691119115
351,santa cruz,-17.8,-63.1667,293.85,78,0,4.12,BO,1691118903
352,sao felix do xingu,-6.6447,-51.995,298.44,43,53,0.65,BR,1691119116
353,peace river,56.2501,-117.286,291.32,72,75,2.57,CA,1691118842
354,neiafu,-18.65,-173.9833,296.53,88,100,5.14,TO,1691119116
355,moyobamba,-6.05,-76.9667,292.68,76,35,0.69,PE,1691119117
356,manapparai,10.6,78.4167,303.63,45,13,6.5,IN,1691119117
357,portstewart,55.1813,-6.714,286.36,75,75,7.62,GB,1691119118
358,oxapampa,-10.5775,-75.4017,288.46,79,64,1.26,PE,1691119118
359,warrnambool,-38.3833,142.4833,287.03,74,68,12.19,AU,1691119099
360,piracicaba,-22.7253,-47.6492,293.39,59,0,2.0,BR,1691119119
361,andergrove,-21.0833,149.1833,296.84,68,37,9.64,AU,1691119119
362,miguel ahumada,30.6167,-106.5167,303.95,34,94,1.17,MX,1691119119
363,ulsteinvik,62.3432,5.8487,288.01,92,100,1.34,NO,1691119120
364,kiunga,-6.1219,141.2906,301.18,66,99,2.19,PG,1691119120
365,haiku-pauwela,20.9219,-156.3051,301.21,61,20,9.77,US,1691119120
366,bodo,67.28,14.405,285.34,96,97,1.03,NO,1691119120
367,fort mcmurray,56.7268,-111.381,290.88,88,0,1.54,CA,1691118976
368,dosso,13.049,3.1937,299.59,72,7,4.63,NE,1691119121
369,manokwari,-0.8667,134.0833,298.74,88,100,4.72,ID,1691119121
370,kisangani,0.5167,25.2,295.57,91,99,0.69,CD,1691119121
371,selfoss,63.9331,-20.9971,282.06,85,81,2.24,IS,1691119121
372,san pedro pochutla,15.7333,-96.4667,300.21,76,100,0.73,MX,1691119122
373,yaiza,28.9633,-13.7631,295.02,78,40,11.32,ES,1691119043
374,georgiyevka,43.0369,74.7114,300.17,39,0,1.0,KZ,1691119122
375,bengkulu,-3.8004,102.2655,301.33,72,46,1.67,ID,1691119123
376,bulgan,48.8125,103.5347,293.85,67,8,1.29,MN,1691119123
377,jiangyou,31.7667,104.7167,302.64,67,37,1.4,CN,1691119123
378,fort st. john,56.2499,-120.8529,291.09,68,75,1.54,CA,1691119120
379,akureyri,65.6835,-18.0878,281.11,87,75,0.0,IS,1691119124
380,aripuana,-9.1667,-60.6333,298.03,49,36,0.56,BR,1691119124
381,salaga,8.5508,-0.5188,295.67,96,36,1.7,GH,1691119124
382,peronnas,46.1907,5.2082,290.66,81,98,0.89,FR,1691119125
383,adre,13.4667,22.2,294.4,86,100,5.21,TD,1691119125
384,ceres,37.5949,-120.9577,297.71,54,0,4.63,US,1691118971
385,comilla,23.4578,91.2044,301.17,74,100,6.03,BD,1691119074
386,fortuna,40.5982,-124.1573,290.89,90,100,4.63,US,1691119125
387,ta`u,-14.2336,-169.5144,300.24,70,2,4.87,AS,1691119126
388,alaghsas,17.0187,8.0168,304.66,43,10,4.18,NE,1691119126
389,island harbour,50.724,-1.2758,287.55,91,85,1.34,GB,1691119126
390,kostroma,57.7708,40.9344,291.56,94,17,2.86,RU,1691119126
391,port blair,11.6667,92.75,303.17,74,40,5.66,IN,1691119044
392,otjimbingwe,-22.35,16.1333,286.88,37,3,1.78,NA,1691119127
393,assab,13.0092,42.7394,305.48,67,33,3.93,ER,1691119054
394,haripur,34.0,72.9341,303.57,58,38,1.07,PK,1691118886
395,kete krachi,7.7939,-0.0498,297.02,91,83,3.47,GH,1691119098
396,levuka,50.1834,-105.4011,297.05,37,100,2.87,CA,1691119128
397,tangalle,6.024,80.7911,301.09,74,49,5.91,LK,1691119128
398,beyneu,45.3167,55.2,302.52,29,83,5.3,KZ,1691119128
399,seven pagodas,12.6264,80.1722,303.18,56,68,6.1,IN,1691119129
400,puerto leguizamo,-0.1934,-74.7819,295.58,94,44,1.31,CO,1691119129
401,muynoq,43.7683,59.0214,302.6,35,63,3.89,UZ,1691119129
402,korla,41.7597,86.1469,304.65,18,0,2.74,CN,1691119129
403,pedernales,18.0384,-71.744,300.69,76,100,1.84,DO,1691119129
404,cromwell,41.5951,-72.6454,295.35,74,40,3.09,US,1691119130
405,cabo san lucas,22.8909,-109.9124,305.16,68,0,5.66,MX,1691119130
406,ocos,14.5094,-92.1933,300.25,70,100,2.26,GT,1691119130
407,makurazaki,31.2667,130.3167,301.82,74,100,6.87,JP,1691119130
408,bel ombre,-4.6167,55.4167,299.06,83,75,6.69,SC,1691119131
409,maumere,-8.6199,122.2111,301.31,60,4,0.96,ID,1691119131
410,castillos,-34.1667,-53.8333,283.09,64,100,1.54,UY,1691119131
411,itoman,26.1247,127.6694,301.15,100,75,14.92,JP,1691119131
412,aljezur,37.3191,-8.8033,288.92,81,0,5.85,PT,1691119131
413,vilyuchinsk,52.9306,158.4028,291.3,80,100,2.83,RU,1691119132
414,yatou,37.15,122.3833,304.35,65,44,4.89,CN,1691119132
415,gamba,-2.65,10.0,292.9,90,4,1.94,GA,1691119132
416,la passe,45.5549,-0.8967,290.36,85,80,6.17,FR,1691119132
417,quang ngai,15.1167,108.8,302.15,70,100,1.35,VN,1691119133
418,antsiranana,-12.2787,49.2917,295.71,75,73,7.35,MG,1691119133
419,south portland,43.6415,-70.2409,293.76,81,75,4.63,US,1691119133
420,golaghat,26.5167,93.9667,299.62,91,100,1.3,IN,1691119133
421,portland,45.5234,-122.6762,302.29,48,20,4.12,US,1691118963
422,riversdale,18.1659,-76.9642,302.07,94,22,0.64,JM,1691119134
423,fort bragg,35.139,-79.006,297.15,77,100,2.57,US,1691119134
424,zarechnyy,53.2036,45.1923,291.74,86,23,1.81,RU,1691119134
425,santiago de la pena,20.95,-97.4,299.74,86,100,4.07,MX,1691119135
426,nelson bay,-32.7167,152.15,295.42,67,94,1.79,AU,1691119135
427,tosontsengel,48.7567,98.2839,291.24,61,100,3.87,MN,1691119135
428,brokopondo,4.75,-55.1667,299.21,82,72,2.25,SR,1691119135
429,kirakira,-10.4544,161.9205,299.74,87,98,2.48,SB,1691119136
430,qusmuryn,52.4503,64.6311,295.49,64,61,3.6,KZ,1691119136
431,nenjiang,49.1833,125.2167,288.73,91,100,5.89,CN,1691119136
432,almus,40.3758,36.9044,288.75,79,0,0.59,TR,1691119137
433,eilat,29.5581,34.9482,300.06,41,0,5.14,IL,1691119137
434,el calafate,-50.3408,-72.2768,275.1,85,75,5.77,AR,1691119138
435,yendi,9.4427,-0.0099,295.39,95,9,2.44,GH,1691119138
436,usogorsk,63.4106,48.6872,294.61,63,66,0.86,RU,1691119139
437,cumana,10.4635,-64.1775,299.38,84,5,2.51,VE,1691119139
438,saint-joseph,-21.3667,55.6167,293.36,84,46,8.2,RE,1691119140
439,tazovsky,67.4667,78.7,289.83,57,49,2.72,RU,1691119140
440,truth or consequences,33.1284,-107.2528,306.28,24,0,3.09,US,1691119080
441,port macquarie,-31.4333,152.9167,294.2,55,44,5.25,AU,1691119141
442,dubbo,-32.25,148.6167,293.22,42,48,5.66,AU,1691119141
443,codrington,-38.2667,141.9667,285.66,74,89,10.38,AU,1691119141
444,mandera,3.9366,41.867,296.78,62,99,6.84,KE,1691119141
445,bam,29.106,58.357,304.3,12,4,6.11,IR,1691119142
446,tazacorte,28.629,-17.9293,297.69,91,100,5.14,ES,1691119142
447,kummersbruck,49.4192,11.8883,288.49,92,100,1.8,DE,1691119142
448,piti village,13.4626,144.6933,305.64,77,20,6.17,GU,1691119142
449,rawai,7.7797,98.3253,304.25,69,87,6.41,TH,1691119142
450,kill devil hills,36.0307,-75.676,298.7,66,100,2.06,US,1691119143
451,mana,5.6592,-53.7767,298.53,89,1,3.73,GF,1691119143
452,naze,28.3667,129.4833,301.66,88,100,9.65,JP,1691119143
453,zabaykal'sk,49.6333,117.3167,285.7,94,100,6.82,RU,1691119143
454,kamensk-ural'skiy,56.4185,61.9329,294.56,67,71,3.72,RU,1691118857
455,rudsar,37.1376,50.288,299.14,75,14,1.79,IR,1691119144
456,nuuk,64.1835,-51.7216,280.49,87,75,3.6,GL,1691119144
457,cidreira,-30.1811,-50.2056,290.2,81,100,3.54,BR,1691119144
458,crane,31.3974,-102.3501,305.16,34,17,8.56,US,1691119145
459,igarka,67.4667,86.5833,290.8,49,8,6.03,RU,1691119145
460,cheremshan,54.6667,51.5,293.16,77,12,0.54,RU,1691119145
461,noumea,-22.2763,166.4572,295.14,99,100,7.12,NC,1691118917
462,maceio,-9.6658,-35.7353,293.84,94,0,1.54,BR,1691118977
463,choibalsan,48.0667,114.5,287.57,82,100,4.27,MN,1691119146
464,kembe,4.6228,21.8865,293.43,99,100,1.11,CF,1691119146
465,shixing,24.9482,114.0657,307.36,57,25,1.9,CN,1691119146
466,fuyu,45.1833,124.8167,299.2,74,97,5.17,CN,1691119147
467,camana,-16.6228,-72.7111,290.59,79,100,1.26,PE,1691119147
468,kralendijk,12.15,-68.2667,301.14,89,75,4.12,BQ,1691119147
469,katsuura,35.1333,140.3,302.96,72,46,7.13,JP,1691119147
470,una,20.8167,71.0333,299.9,86,100,6.62,IN,1691119148
471,radyvyliv,50.1299,25.2558,288.85,90,3,1.26,UA,1691119148
472,tindouf,27.6711,-8.1474,295.4,68,0,11.32,DZ,1691119148
473,broken hill,-31.95,141.4333,295.97,30,33,12.18,AU,1691119148
474,makarska,43.2969,17.0178,297.26,78,0,3.68,HR,1691119148
475,villa gesell,-37.2639,-56.973,278.18,70,13,5.0,AR,1691119149
476,tobelo,1.7284,128.0095,302.5,70,13,3.12,ID,1691119102
477,morris,40.8334,-74.5329,294.4,72,40,1.54,US,1691119149
478,kolokani,13.5728,-8.0339,297.76,75,6,3.24,ML,1691119149
479,elko,41.0002,-115.5012,291.16,83,88,3.58,US,1691119149
480,barra de santo antonio,-9.4047,-35.5072,293.75,64,61,3.19,BR,1691119150
481,tezu,27.9167,96.1667,298.35,97,100,0.5,IN,1691119150
482,fernie,49.5,-115.0687,298.26,31,4,1.78,CA,1691119150
483,gadzhiyevo,69.2551,33.3362,290.57,78,100,3.78,RU,1691119150
484,kuhmo,64.1333,29.5167,289.72,96,100,4.04,FI,1691119151
485,murzuq,25.9155,13.9184,302.94,16,0,3.72,LY,1691119151
486,zambrano,9.7472,-74.8153,298.95,92,5,2.55,CO,1691119151
487,coahuayana de hidalgo,18.7,-103.6583,299.69,85,100,0.78,MX,1691119152
488,ashburton,-37.8626,145.0794,291.58,58,96,5.81,AU,1691119152
489,twon-brass,4.3151,6.2418,297.97,80,48,4.57,NG,1691119152
490,flying fish cove,-10.4217,105.6791,297.97,94,100,6.69,CX,1691119152
491,sittwe,20.15,92.9,301.71,84,100,6.77,MM,1691119018
492,batac city,18.0554,120.5649,304.03,79,75,8.75,PH,1691119153
493,tomatlan,19.9333,-105.25,299.48,88,100,1.08,MX,1691119153
494,santa terezinha,-29.9002,-50.0904,290.1,85,100,2.78,BR,1691119153
495,manismata,-2.4667,111.0333,303.77,58,51,2.65,ID,1691119153
496,bata,1.8639,9.7658,296.8,86,98,2.57,GQ,1691119154
497,glendive,47.1053,-104.7125,294.68,77,0,6.17,US,1691119154
498,rio branco,-9.9747,-67.81,297.49,88,40,2.57,BR,1691119154
499,weinan,34.5036,109.5089,308.53,44,0,2.41,CN,1691119154
500,metu,8.3,35.5833,286.35,98,100,0.84,ET,1691119154
501,cam ranh,11.9214,109.1591,307.13,52,0,3.6,VN,1691119155
502,guatrache,-37.6678,-63.5302,280.4,44,20,3.61,AR,1691119155
503,bandarbeyla,9.4942,50.8122,299.4,63,100,12.93,SO,1691119155
504,freeport,40.6576,-73.5832,296.49,70,100,6.17,US,1691118989
505,likiep,9.8251,169.3107,301.88,76,95,5.29,MH,1691119156
506,inderbor,48.55,51.7833,302.09,34,99,2.62,KZ,1691119156
507,novo aripuana,-5.1206,-60.3797,295.77,94,66,0.56,BR,1691119156
508,mazatlan,23.2167,-106.4167,299.27,92,100,2.06,MX,1691119096
509,sol'-iletsk,51.1631,54.9918,297.86,44,54,1.04,RU,1691119156
510,ashland,40.8167,-82.2665,293.14,94,24,1.71,US,1691119157
511,belmonte,-15.8631,-38.8828,295.01,85,14,2.85,BR,1691119157
512,laon,49.5667,3.6667,284.89,93,98,1.75,FR,1691119157
513,kidal,18.4411,1.4078,304.68,40,89,7.48,ML,1691119158
514,nchelenge,-9.3451,28.734,289.1,63,6,3.39,ZM,1691119158
515,illizi,26.4833,8.4667,304.04,15,0,5.29,DZ,1691119158
516,inarajan village,13.2736,144.7484,305.69,84,32,4.19,GU,1691119158
517,strathfieldsaye,-36.8,144.3667,286.07,58,100,0.45,AU,1691119159
518,khromtau,50.2503,58.4347,297.02,44,17,1.94,KZ,1691119159
519,bor,56.3567,44.0669,292.11,89,49,1.73,RU,1691119159
520,kluang,2.0251,103.3328,302.58,68,61,2.38,MY,1691119160
521,yuzhno-kurilsk,44.0306,145.8556,296.83,78,72,6.48,RU,1691119160
522,gulf shores,30.246,-87.7008,303.75,67,0,2.57,US,1691119160
523,papao,-17.75,-149.55,299.97,74,44,5.49,PF,1691119160
524,arkhangel'sk,64.5401,40.5433,293.29,76,100,2.82,RU,1691119161
525,alesund,62.4723,6.1549,288.01,98,100,2.06,NO,1691119161
526,arroio grande,-32.2375,-53.0869,283.8,81,64,2.06,BR,1691119161
527,remire-montjoly,4.9167,-52.2667,298.17,94,0,0.0,GF,1691119161
528,clearwater,27.9659,-82.8001,301.47,77,100,1.79,US,1691118871
529,oppdal,62.5943,9.6912,283.48,95,100,2.23,NO,1691119162
530,mount pearl,47.5166,-52.7813,288.89,81,75,3.6,CA,1691119162
531,punta umbria,37.1821,-6.9661,294.95,45,0,7.27,ES,1691119162
532,alo,7.4178,6.7371,295.45,98,79,1.04,NG,1691119163
533,la sarre,48.8002,-79.1996,285.91,95,15,1.98,CA,1691118890
534,porbandar,21.6422,69.6093,300.6,85,99,8.61,IN,1691119163
535,karratha,-20.7377,116.8463,298.78,57,2,2.35,AU,1691119164
536,isola di capo rizzuto,38.96,17.0933,298.25,70,0,1.04,IT,1691119164
537,oriximina,-1.7656,-55.8661,298.8,66,1,0.96,BR,1691119164
538,yunfu,22.9306,112.0373,307.16,59,76,0.53,CN,1691119165
539,jalai nur,49.45,117.7,286.24,92,100,8.01,CN,1691119165
540,novaya ladoga,60.1025,32.3019,290.05,96,100,3.71,RU,1691119166
541,borogontsy,62.6683,131.1683,298.05,39,10,2.1,RU,1691119166
542,moree,-29.4667,149.85,294.03,39,3,1.12,AU,1691119166
543,kununurra,-15.7667,128.7333,303.14,39,40,4.12,AU,1691119166
544,alofi,-19.0595,-169.9187,295.09,94,75,5.66,NU,1691119167
545,christchurch,-43.5333,172.6333,287.77,66,97,5.14,NZ,1691118936
546,souillac,-20.5167,57.5167,296.36,73,40,5.14,MU,1691119167
547,puerto maldonado,-12.6,-69.1833,296.54,51,0,0.43,PE,1691119167
548,monrovia,6.3005,-10.7969,297.02,87,99,3.02,LR,1691119009
549,zaragoza,41.6561,-0.8773,290.62,55,20,7.2,ES,1691119114
550,neryungri,56.6709,124.6491,293.87,44,0,0.92,RU,1691119168
551,pahrump,36.2083,-115.9839,304.79,10,0,2.24,US,1691119168
552,fukuecho,32.6881,128.8419,304.35,74,40,5.14,JP,1691119168
553,barcelos,41.5388,-8.6151,288.53,92,2,3.02,PT,1691119169
554,masterton,-40.9597,175.6575,285.31,65,41,2.09,NZ,1691119169
555,rimouski,48.4488,-68.524,292.25,90,100,4.97,CA,1691118983
556,kirkwall,58.9848,-2.9587,284.18,93,100,5.66,GB,1691119169
557,severo-yeniseyskiy,60.3725,93.0408,288.5,55,3,4.7,RU,1691119170
558,piacabucu,-10.4056,-36.4344,297.0,64,100,3.36,BR,1691119170
559,hauterive,46.0901,3.4459,287.57,97,100,1.7,FR,1691119170
560,pokachi,61.7198,75.3683,297.62,54,100,4.43,RU,1691119171
561,mingyue,43.1069,128.9217,299.59,79,100,3.1,CN,1691119171
562,baruun-urt,46.6806,113.2792,288.46,80,100,3.86,MN,1691119171
563,brits,-25.6347,27.7802,281.09,64,1,1.43,ZA,1691119171
564,nadi,-17.8,177.4167,298.15,69,75,6.17,FJ,1691118912
565,matam,15.6175,-13.3303,305.94,53,0,5.4,SN,1691119172
566,torghay,49.6339,63.4981,298.74,48,5,4.67,KZ,1691119172
567,wenatchee,47.4235,-120.3103,306.31,24,0,6.17,US,1691119096
568,ambalavao,-21.8333,46.9333,284.47,92,95,3.47,MG,1691119172
569,marsh harbour,26.5412,-77.0636,301.63,72,14,6.46,BS,1691119173
570,likasi,-10.9814,26.7333,284.97,69,0,2.08,CD,1691119173
571,batabano,22.7164,-82.2881,300.22,80,18,3.45,CU,1691119173
572,sidi ifni,29.3797,-10.173,292.83,90,74,5.27,MA,1691119173
573,paros,37.0833,25.15,298.92,91,20,2.06,GR,1691119174
574,liberal,37.0431,-100.921,303.23,58,0,3.6,US,1691119174
575,elgin,42.0373,-88.2812,298.46,81,0,2.06,US,1691119135
